<?xml version="1.0" encoding="UTF-8"?>
<project-private xmlns="http://www.netbeans.org/ns/project-private/1">
    <editor-bookmarks xmlns="http://www.netbeans.org/ns/editor-bookmarks/2" lastBookmarkId="0"/>
    <open-files xmlns="http://www.netbeans.org/ns/projectui-open-files/2">
        <group>
            <file>file:/home/ismael/Escritorio/3%20de%20INFO-ADE%201semestre/PDOO/Github/p3/Pr3/p2-java/src/irrgarten/main.java</file>
            <file>file:/home/ismael/Escritorio/3%20de%20INFO-ADE%201semestre/PDOO/Github/p3/Pr3/p2-java/src/irrgarten/Player.java</file>
            <file>file:/home/ismael/Escritorio/3%20de%20INFO-ADE%201semestre/PDOO/Github/p3/Pr3/p2-java/src/irrgarten/Labyrinth.java</file>
            <file>file:/home/ismael/Escritorio/3%20de%20INFO-ADE%201semestre/PDOO/Github/p3/Pr3/p2-java/src/irrgarten/Game.java</file>
        </group>
    </open-files>
</project-private>
